Ano,Mes,Estado,Casos_Previstos,Mortes_Previstas,timestamp
2024,Abril,BA,6499,307,2025-05-07 20:06:31.407078
2024,Agosto,BA,2853,326,2025-05-07 20:06:31.407078
2024,Dezembro,BA,2610,234,2025-05-07 20:06:31.407078
2024,Fevereiro,BA,3198,216,2025-05-07 20:06:31.407078
2024,Janeiro,BA,2970,336,2025-05-07 20:06:31.407078
2024,Julho,BA,2937,580,2025-05-07 20:06:31.407078
2024,Junho,BA,3455,521,2025-05-07 20:06:31.407078
2024,Maio,BA,3767,378,2025-05-07 20:06:31.407078
2024,Marco,BA,3736,181,2025-05-07 20:06:31.407078
2024,Novembro,BA,2786,367,2025-05-07 20:06:31.407078
2024,Outubro,BA,2594,215,2025-05-07 20:06:31.407078
2024,Setembro,BA,2559,343,2025-05-07 20:06:31.407078
2024,Abril,RJ,6655,376,2025-05-07 20:06:31.407078
2024,Agosto,RJ,2360,178,2025-05-07 20:06:31.407078
2024,Dezembro,RJ,2595,235,2025-05-07 20:06:31.407078
2024,Fevereiro,RJ,2964,283,2025-05-07 20:06:31.407078
2024,Janeiro,RJ,2767,335,2025-05-07 20:06:31.407078
2024,Julho,RJ,2592,522,2025-05-07 20:06:31.407078
2024,Junho,RJ,2894,195,2025-05-07 20:06:31.407078
2024,Maio,RJ,3555,265,2025-05-07 20:06:31.407078
2024,Marco,RJ,2834,92,2025-05-07 20:06:31.407078
2024,Novembro,RJ,2587,341,2025-05-07 20:06:31.407078
2024,Outubro,RJ,2397,290,2025-05-07 20:06:31.407078
2024,Setembro,RJ,2129,292,2025-05-07 20:06:31.407078
2024,Abril,RS,7730,524,2025-05-07 20:06:31.407078
2024,Agosto,RS,2207,201,2025-05-07 20:06:31.407078
2024,Dezembro,RS,2341,228,2025-05-07 20:06:31.407078
2024,Fevereiro,RS,2972,272,2025-05-07 20:06:31.407078
2024,Janeiro,RS,2837,392,2025-05-07 20:06:31.407078
2024,Julho,RS,2609,540,2025-05-07 20:06:31.407078
2024,Junho,RS,3263,510,2025-05-07 20:06:31.407078
2024,Maio,RS,3956,419,2025-05-07 20:06:31.407078
2024,Marco,RS,3875,208,2025-05-07 20:06:31.407078
2024,Novembro,RS,2498,389,2025-05-07 20:06:31.407078
2024,Outubro,RS,2178,174,2025-05-07 20:06:31.407078
2024,Setembro,RS,2094,347,2025-05-07 20:06:31.407078
2024,Abril,SP,64565,31303,2025-05-07 20:06:31.407078
2024,Agosto,SP,12237,31601,2025-05-07 20:06:31.407078
2024,Dezembro,SP,9584,28345,2025-05-07 20:06:31.407078
2024,Fevereiro,SP,35299,26040,2025-05-07 20:06:31.407078
2024,Janeiro,SP,19454,29503,2025-05-07 20:06:31.407078
2024,Julho,SP,15609,34284,2025-05-07 20:06:31.407078
2024,Junho,SP,21140,32673,2025-05-07 20:06:31.407078
2024,Maio,SP,49463,32195,2025-05-07 20:06:31.407078
2024,Marco,SP,49391,30555,2025-05-07 20:06:31.407078
2024,Novembro,SP,7493,28041,2025-05-07 20:06:31.407078
2024,Outubro,SP,12111,29006,2025-05-07 20:06:31.407078
2024,Setembro,SP,9726,28490,2025-05-07 20:06:31.407078
2024,Abril,BA,5775,32,2025-05-07 20:08:34.582595
2024,Agosto,BA,1884,167,2025-05-07 20:08:34.582595
2024,Dezembro,BA,1613,88,2025-05-07 20:08:34.582595
2024,Fevereiro,BA,2779,44,2025-05-07 20:08:34.582595
2024,Janeiro,BA,2160,20,2025-05-07 20:08:34.582595
2024,Julho,BA,2166,-65,2025-05-07 20:08:34.582595
2024,Junho,BA,2480,36,2025-05-07 20:08:34.582595
2024,Maio,BA,4373,133,2025-05-07 20:08:34.582595
2024,Marco,BA,3341,33,2025-05-07 20:08:34.582595
2024,Novembro,BA,1925,155,2025-05-07 20:08:34.582595
2024,Outubro,BA,1831,-69,2025-05-07 20:08:34.582595
2024,Setembro,BA,1459,93,2025-05-07 20:08:34.582595
2024,Abril,RJ,5192,60,2025-05-07 20:08:34.582595
2024,Agosto,RJ,1908,175,2025-05-07 20:08:34.582595
2024,Dezembro,RJ,1733,99,2025-05-07 20:08:34.582595
2024,Fevereiro,RJ,2688,71,2025-05-07 20:08:34.582595
2024,Janeiro,RJ,1896,33,2025-05-07 20:08:34.582595
2024,Julho,RJ,2074,-174,2025-05-07 20:08:34.582595
2024,Junho,RJ,2435,38,2025-05-07 20:08:34.582595
2024,Maio,RJ,3853,100,2025-05-07 20:08:34.582595
2024,Marco,RJ,2447,87,2025-05-07 20:08:34.582595
2024,Novembro,RJ,1814,225,2025-05-07 20:08:34.582595
2024,Outubro,RJ,1917,-61,2025-05-07 20:08:34.582595
2024,Setembro,RJ,1549,72,2025-05-07 20:08:34.582595
2024,Abril,RS,4569,216,2025-05-07 20:08:34.582595
2024,Agosto,RS,1430,235,2025-05-07 20:08:34.582595
2024,Dezembro,RS,1259,95,2025-05-07 20:08:34.582595
2024,Fevereiro,RS,1772,153,2025-05-07 20:08:34.582595
2024,Janeiro,RS,1540,73,2025-05-07 20:08:34.582595
2024,Julho,RS,1793,48,2025-05-07 20:08:34.582595
2024,Junho,RS,1805,107,2025-05-07 20:08:34.582595
2024,Maio,RS,3200,55,2025-05-07 20:08:34.582595
2024,Marco,RS,1695,300,2025-05-07 20:08:34.582595
2024,Novembro,RS,1583,202,2025-05-07 20:08:34.582595
2024,Outubro,RS,1393,36,2025-05-07 20:08:34.582595
2024,Setembro,RS,1273,104,2025-05-07 20:08:34.582595
2024,Abril,SP,59152,33304,2025-05-07 20:08:34.582595
2024,Agosto,SP,5468,31538,2025-05-07 20:08:34.582595
2024,Dezembro,SP,7961,29498,2025-05-07 20:08:34.582595
2024,Fevereiro,SP,35373,26613,2025-05-07 20:08:34.582595
2024,Janeiro,SP,15033,30662,2025-05-07 20:08:34.582595
2024,Julho,SP,6432,32946,2025-05-07 20:08:34.582595
2024,Junho,SP,16344,31840,2025-05-07 20:08:34.582595
2024,Maio,SP,52085,33161,2025-05-07 20:08:34.582595
2024,Marco,SP,46329,31810,2025-05-07 20:08:34.582595
2024,Novembro,SP,6066,28704,2025-05-07 20:08:34.582595
2024,Outubro,SP,8353,29208,2025-05-07 20:08:34.582595
2024,Setembro,SP,7369,28579,2025-05-07 20:08:34.582595
2024,Abril,BA,4116,127,2025-05-07 20:10:52.144062
2024,Agosto,BA,1909,269,2025-05-07 20:10:52.144062
2024,Dezembro,BA,1878,265,2025-05-07 20:10:52.144062
2024,Fevereiro,BA,2312,164,2025-05-07 20:10:52.144062
2024,Janeiro,BA,1845,236,2025-05-07 20:10:52.144062
2024,Julho,BA,2129,228,2025-05-07 20:10:52.144062
2024,Junho,BA,1975,350,2025-05-07 20:10:52.144062
2024,Maio,BA,2542,187,2025-05-07 20:10:52.144062
2024,Marco,BA,2269,336,2025-05-07 20:10:52.144062
2024,Novembro,BA,2104,249,2025-05-07 20:10:52.144062
2024,Outubro,BA,1985,187,2025-05-07 20:10:52.144062
2024,Setembro,BA,1894,290,2025-05-07 20:10:52.144062
2024,Abril,RJ,4033,7,2025-05-07 20:10:52.144062
2024,Agosto,RJ,1504,355,2025-05-07 20:10:52.144062
2024,Dezembro,RJ,1714,191,2025-05-07 20:10:52.144062
2024,Fevereiro,RJ,2246,194,2025-05-07 20:10:52.144062
2024,Janeiro,RJ,1670,148,2025-05-07 20:10:52.144062
2024,Julho,RJ,1859,232,2025-05-07 20:10:52.144062
2024,Junho,RJ,2160,270,2025-05-07 20:10:52.144062
2024,Maio,RJ,2745,78,2025-05-07 20:10:52.144062
2024,Marco,RJ,2420,258,2025-05-07 20:10:52.144062
2024,Novembro,RJ,1780,127,2025-05-07 20:10:52.144062
2024,Outubro,RJ,1829,133,2025-05-07 20:10:52.144062
2024,Setembro,RJ,1631,320,2025-05-07 20:10:52.144062
2024,Abril,RS,4630,0,2025-05-07 20:10:52.144062
2024,Agosto,RS,1752,355,2025-05-07 20:10:52.144062
2024,Dezembro,RS,1714,202,2025-05-07 20:10:52.144062
2024,Fevereiro,RS,2391,128,2025-05-07 20:10:52.144062
2024,Janeiro,RS,1539,217,2025-05-07 20:10:52.144062
2024,Julho,RS,2369,87,2025-05-07 20:10:52.144062
2024,Junho,RS,2053,335,2025-05-07 20:10:52.144062
2024,Maio,RS,2672,258,2025-05-07 20:10:52.144062
2024,Marco,RS,2350,360,2025-05-07 20:10:52.144062
2024,Novembro,RS,1812,205,2025-05-07 20:10:52.144062
2024,Outubro,RS,1681,145,2025-05-07 20:10:52.144062
2024,Setembro,RS,1552,298,2025-05-07 20:10:52.144062
2024,Abril,SP,67659,33656,2025-05-07 20:10:52.144062
2024,Agosto,SP,12118,33830,2025-05-07 20:10:52.144062
2024,Dezembro,SP,12455,29928,2025-05-07 20:10:52.144062
2024,Fevereiro,SP,42364,28607,2025-05-07 20:10:52.144062
2024,Janeiro,SP,21708,32174,2025-05-07 20:10:52.144062
2024,Julho,SP,18350,34365,2025-05-07 20:10:52.144062
2024,Junho,SP,22927,34452,2025-05-07 20:10:52.144062
2024,Maio,SP,58658,34623,2025-05-07 20:10:52.144062
2024,Marco,SP,54158,33733,2025-05-07 20:10:52.144062
2024,Novembro,SP,12154,29400,2025-05-07 20:10:52.144062
2024,Outubro,SP,13718,31057,2025-05-07 20:10:52.144062
2024,Setembro,SP,11539,29941,2025-05-07 20:10:52.144062
2024,Abril,BA,8835,104,2025-05-07 20:14:22.967859
2024,Agosto,BA,4023,-57,2025-05-07 20:14:22.967859
2024,Dezembro,BA,3439,-20,2025-05-07 20:14:22.967859
2024,Fevereiro,BA,4385,-77,2025-05-07 20:14:22.967859
2024,Janeiro,BA,4412,-9,2025-05-07 20:14:22.967859
2024,Julho,BA,4037,17,2025-05-07 20:14:22.967859
2024,Junho,BA,5204,-84,2025-05-07 20:14:22.967859
2024,Maio,BA,7258,-8,2025-05-07 20:14:22.967859
2024,Marco,BA,5558,-116,2025-05-07 20:14:22.967859
2024,Novembro,BA,2685,1,2025-05-07 20:14:22.967859
2024,Outubro,BA,3181,69,2025-05-07 20:14:22.967859
2024,Setembro,BA,2947,18,2025-05-07 20:14:22.967859
2024,Abril,RJ,9204,300,2025-05-07 20:14:22.967859
2024,Agosto,RJ,3442,58,2025-05-07 20:14:22.967859
2024,Dezembro,RJ,2903,50,2025-05-07 20:14:22.967859
2024,Fevereiro,RJ,3729,-11,2025-05-07 20:14:22.967859
2024,Janeiro,RJ,3684,75,2025-05-07 20:14:22.967859
2024,Julho,RJ,4142,5,2025-05-07 20:14:22.967859
2024,Junho,RJ,4610,18,2025-05-07 20:14:22.967859
2024,Maio,RJ,5796,-165,2025-05-07 20:14:22.967859
2024,Marco,RJ,4963,-167,2025-05-07 20:14:22.967859
2024,Novembro,RJ,2284,117,2025-05-07 20:14:22.967859
2024,Outubro,RJ,2753,-1,2025-05-07 20:14:22.967859
2024,Setembro,RJ,2368,35,2025-05-07 20:14:22.967859
2024,Abril,RS,9463,425,2025-05-07 20:14:22.967859
2024,Agosto,RS,3431,-86,2025-05-07 20:14:22.967859
2024,Dezembro,RS,2871,-62,2025-05-07 20:14:22.967859
2024,Fevereiro,RS,3803,-68,2025-05-07 20:14:22.967859
2024,Janeiro,RS,3948,-74,2025-05-07 20:14:22.967859
2024,Julho,RS,3593,-52,2025-05-07 20:14:22.967859
2024,Junho,RS,4169,-51,2025-05-07 20:14:22.967859
2024,Maio,RS,5997,-25,2025-05-07 20:14:22.967859
2024,Marco,RS,5449,-96,2025-05-07 20:14:22.967859
2024,Novembro,RS,2235,80,2025-05-07 20:14:22.967859
2024,Outubro,RS,2485,-2,2025-05-07 20:14:22.967859
2024,Setembro,RS,2465,-75,2025-05-07 20:14:22.967859
2024,Abril,SP,69353,34438,2025-05-07 20:14:22.967859
2024,Agosto,SP,14217,33268,2025-05-07 20:14:22.967859
2024,Dezembro,SP,16782,29131,2025-05-07 20:14:22.967859
2024,Fevereiro,SP,39109,27597,2025-05-07 20:14:22.967859
2024,Janeiro,SP,26812,30559,2025-05-07 20:14:22.967859
2024,Julho,SP,21915,35175,2025-05-07 20:14:22.967859
2024,Junho,SP,25914,34669,2025-05-07 20:14:22.967859
2024,Maio,SP,63429,33823,2025-05-07 20:14:22.967859
2024,Marco,SP,62228,31659,2025-05-07 20:14:22.967859
2024,Novembro,SP,13103,28277,2025-05-07 20:14:22.967859
2024,Outubro,SP,17140,30229,2025-05-07 20:14:22.967859
2024,Setembro,SP,11064,28274,2025-05-07 20:14:22.967859
2024,Abril,BA,2763,350,2025-05-07 20:16:15.623018
2024,Agosto,BA,2587,156,2025-05-07 20:16:15.623018
2024,Dezembro,BA,2674,230,2025-05-07 20:16:15.623018
2024,Fevereiro,BA,2713,236,2025-05-07 20:16:15.623018
2024,Janeiro,BA,2662,192,2025-05-07 20:16:15.623018
2024,Julho,BA,2624,172,2025-05-07 20:16:15.623018
2024,Junho,BA,2641,241,2025-05-07 20:16:15.623018
2024,Maio,BA,2741,257,2025-05-07 20:16:15.623018
2024,Marco,BA,2680,74,2025-05-07 20:16:15.623018
2024,Novembro,BA,2705,59,2025-05-07 20:16:15.623018
2024,Outubro,BA,2686,169,2025-05-07 20:16:15.623018
2024,Setembro,BA,2597,215,2025-05-07 20:16:15.623018
2024,Abril,RJ,2727,282,2025-05-07 20:16:15.623018
2024,Agosto,RJ,2568,185,2025-05-07 20:16:15.623018
2024,Dezembro,RJ,2691,246,2025-05-07 20:16:15.623018
2024,Fevereiro,RJ,2657,298,2025-05-07 20:16:15.623018
2024,Janeiro,RJ,2653,212,2025-05-07 20:16:15.623018
2024,Julho,RJ,2620,157,2025-05-07 20:16:15.623018
2024,Junho,RJ,2634,180,2025-05-07 20:16:15.623018
2024,Maio,RJ,2644,196,2025-05-07 20:16:15.623018
2024,Marco,RJ,2622,-21,2025-05-07 20:16:15.623018
2024,Novembro,RJ,2665,180,2025-05-07 20:16:15.623018
2024,Outubro,RJ,2607,129,2025-05-07 20:16:15.623018
2024,Setembro,RJ,2597,306,2025-05-07 20:16:15.623018
2024,Abril,RS,2676,297,2025-05-07 20:16:15.623018
2024,Agosto,RS,2497,307,2025-05-07 20:16:15.623018
2024,Dezembro,RS,2641,193,2025-05-07 20:16:15.623018
2024,Fevereiro,RS,2594,275,2025-05-07 20:16:15.623018
2024,Janeiro,RS,2624,254,2025-05-07 20:16:15.623018
2024,Julho,RS,2563,-24,2025-05-07 20:16:15.623018
2024,Junho,RS,2563,275,2025-05-07 20:16:15.623018
2024,Maio,RS,2623,311,2025-05-07 20:16:15.623018
2024,Marco,RS,2506,16,2025-05-07 20:16:15.623018
2024,Novembro,RS,2603,222,2025-05-07 20:16:15.623018
2024,Outubro,RS,2551,141,2025-05-07 20:16:15.623018
2024,Setembro,RS,2516,232,2025-05-07 20:16:15.623018
2024,Abril,SP,65144,31647,2025-05-07 20:16:15.623018
2024,Agosto,SP,8012,30494,2025-05-07 20:16:15.623018
2024,Dezembro,SP,7472,27019,2025-05-07 20:16:15.623018
2024,Fevereiro,SP,34742,25144,2025-05-07 20:16:15.623018
2024,Janeiro,SP,16813,28125,2025-05-07 20:16:15.623018
2024,Julho,SP,7134,30958,2025-05-07 20:16:15.623018
2024,Junho,SP,14404,30252,2025-05-07 20:16:15.623018
2024,Maio,SP,49150,31806,2025-05-07 20:16:15.623018
2024,Marco,SP,52255,29824,2025-05-07 20:16:15.623018
2024,Novembro,SP,8761,26152,2025-05-07 20:16:15.623018
2024,Outubro,SP,8235,27246,2025-05-07 20:16:15.623018
2024,Setembro,SP,4171,26414,2025-05-07 20:16:15.623018
2024,Abril,BA,4600,225,2025-05-07 20:18:09.837570
2024,Agosto,BA,2034,361,2025-05-07 20:18:09.837570
2024,Dezembro,BA,1648,447,2025-05-07 20:18:09.837570
2024,Fevereiro,BA,2163,281,2025-05-07 20:18:09.837570
2024,Janeiro,BA,1574,337,2025-05-07 20:18:09.837570
2024,Julho,BA,1825,455,2025-05-07 20:18:09.837570
2024,Junho,BA,2339,319,2025-05-07 20:18:09.837570
2024,Maio,BA,3386,257,2025-05-07 20:18:09.837570
2024,Marco,BA,2535,371,2025-05-07 20:18:09.837570
2024,Novembro,BA,1595,323,2025-05-07 20:18:09.837570
2024,Outubro,BA,1695,315,2025-05-07 20:18:09.837570
2024,Setembro,BA,1830,246,2025-05-07 20:18:09.837570
2024,Abril,RJ,5394,362,2025-05-07 20:18:09.837570
2024,Agosto,RJ,1878,309,2025-05-07 20:18:09.837570
2024,Dezembro,RJ,1475,280,2025-05-07 20:18:09.837570
2024,Fevereiro,RJ,2298,186,2025-05-07 20:18:09.837570
2024,Janeiro,RJ,1737,361,2025-05-07 20:18:09.837570
2024,Julho,RJ,1795,410,2025-05-07 20:18:09.837570
2024,Junho,RJ,2391,306,2025-05-07 20:18:09.837570
2024,Maio,RJ,3223,270,2025-05-07 20:18:09.837570
2024,Marco,RJ,2668,310,2025-05-07 20:18:09.837570
2024,Novembro,RJ,1695,287,2025-05-07 20:18:09.837570
2024,Outubro,RJ,1777,301,2025-05-07 20:18:09.837570
2024,Setembro,RJ,1764,221,2025-05-07 20:18:09.837570
2024,Abril,RS,4553,286,2025-05-07 20:18:09.837570
2024,Agosto,RS,1927,306,2025-05-07 20:18:09.837570
2024,Dezembro,RS,1541,376,2025-05-07 20:18:09.837570
2024,Fevereiro,RS,2187,274,2025-05-07 20:18:09.837570
2024,Janeiro,RS,1639,374,2025-05-07 20:18:09.837570
2024,Julho,RS,1538,394,2025-05-07 20:18:09.837570
2024,Junho,RS,2195,336,2025-05-07 20:18:09.837570
2024,Maio,RS,3228,251,2025-05-07 20:18:09.837570
2024,Marco,RS,2727,473,2025-05-07 20:18:09.837570
2024,Novembro,RS,1577,310,2025-05-07 20:18:09.837570
2024,Outubro,RS,1685,287,2025-05-07 20:18:09.837570
2024,Setembro,RS,1762,275,2025-05-07 20:18:09.837570
2024,Abril,SP,59717,31174,2025-05-07 20:18:09.837570
2024,Agosto,SP,4986,31679,2025-05-07 20:18:09.837570
2024,Dezembro,SP,4567,28363,2025-05-07 20:18:09.837570
2024,Fevereiro,SP,29011,23714,2025-05-07 20:18:09.837570
2024,Janeiro,SP,12174,29108,2025-05-07 20:18:09.837570
2024,Julho,SP,3753,33831,2025-05-07 20:18:09.837570
2024,Junho,SP,17143,32244,2025-05-07 20:18:09.837570
2024,Maio,SP,48622,30048,2025-05-07 20:18:09.837570
2024,Marco,SP,41400,30350,2025-05-07 20:18:09.837570
2024,Novembro,SP,4750,26866,2025-05-07 20:18:09.837570
2024,Outubro,SP,5200,28626,2025-05-07 20:18:09.837570
2024,Setembro,SP,3087,26828,2025-05-07 20:18:09.837570
2024,Abril,BA,3563,692,2025-05-07 20:20:05.013375
2024,Agosto,BA,2328,386,2025-05-07 20:20:05.013375
2024,Dezembro,BA,2242,339,2025-05-07 20:20:05.013375
2024,Fevereiro,BA,2551,300,2025-05-07 20:20:05.013375
2024,Janeiro,BA,2409,289,2025-05-07 20:20:05.013375
2024,Julho,BA,2394,257,2025-05-07 20:20:05.013375
2024,Junho,BA,2438,273,2025-05-07 20:20:05.013375
2024,Maio,BA,2886,455,2025-05-07 20:20:05.013375
2024,Marco,BA,2686,217,2025-05-07 20:20:05.013375
2024,Novembro,BA,2341,311,2025-05-07 20:20:05.013375
2024,Outubro,BA,2396,353,2025-05-07 20:20:05.013375
2024,Setembro,BA,2308,263,2025-05-07 20:20:05.013375
2024,Abril,RJ,3360,693,2025-05-07 20:20:05.013375
2024,Agosto,RJ,2163,461,2025-05-07 20:20:05.013375
2024,Dezembro,RJ,2210,281,2025-05-07 20:20:05.013375
2024,Fevereiro,RJ,2438,240,2025-05-07 20:20:05.013375
2024,Janeiro,RJ,2268,299,2025-05-07 20:20:05.013375
2024,Julho,RJ,2307,285,2025-05-07 20:20:05.013375
2024,Junho,RJ,2231,353,2025-05-07 20:20:05.013375
2024,Maio,RJ,2694,479,2025-05-07 20:20:05.013375
2024,Marco,RJ,2595,269,2025-05-07 20:20:05.013375
2024,Novembro,RJ,2217,254,2025-05-07 20:20:05.013375
2024,Outubro,RJ,2318,357,2025-05-07 20:20:05.013375
2024,Setembro,RJ,2179,171,2025-05-07 20:20:05.013375
2024,Abril,RS,4271,974,2025-05-07 20:20:05.013375
2024,Agosto,RS,2029,479,2025-05-07 20:20:05.013375
2024,Dezembro,RS,1960,307,2025-05-07 20:20:05.013375
2024,Fevereiro,RS,2215,373,2025-05-07 20:20:05.013375
2024,Janeiro,RS,2131,470,2025-05-07 20:20:05.013375
2024,Julho,RS,2034,492,2025-05-07 20:20:05.013375
2024,Junho,RS,2108,372,2025-05-07 20:20:05.013375
2024,Maio,RS,2613,696,2025-05-07 20:20:05.013375
2024,Marco,RS,2363,340,2025-05-07 20:20:05.013375
2024,Novembro,RS,2066,411,2025-05-07 20:20:05.013375
2024,Outubro,RS,2105,400,2025-05-07 20:20:05.013375
2024,Setembro,RS,2069,336,2025-05-07 20:20:05.013375
2024,Abril,SP,64449,33778,2025-05-07 20:20:05.013375
2024,Agosto,SP,6407,33765,2025-05-07 20:20:05.013375
2024,Dezembro,SP,5421,28125,2025-05-07 20:20:05.013375
2024,Fevereiro,SP,34895,26626,2025-05-07 20:20:05.013375
2024,Janeiro,SP,10855,31357,2025-05-07 20:20:05.013375
2024,Julho,SP,11907,35535,2025-05-07 20:20:05.013375
2024,Junho,SP,16897,34099,2025-05-07 20:20:05.013375
2024,Maio,SP,55402,32955,2025-05-07 20:20:05.013375
2024,Marco,SP,51262,31964,2025-05-07 20:20:05.013375
2024,Novembro,SP,5718,28545,2025-05-07 20:20:05.013375
2024,Outubro,SP,7924,30529,2025-05-07 20:20:05.013375
2024,Setembro,SP,4679,28184,2025-05-07 20:20:05.013375
2024,Abril,BA,6259,197,2025-05-07 20:21:59.065783
2024,Agosto,BA,3640,551,2025-05-07 20:21:59.065783
2024,Dezembro,BA,2336,601,2025-05-07 20:21:59.065783
2024,Fevereiro,BA,3848,410,2025-05-07 20:21:59.065783
2024,Janeiro,BA,2473,588,2025-05-07 20:21:59.065783
2024,Julho,BA,2822,393,2025-05-07 20:21:59.065783
2024,Junho,BA,4038,513,2025-05-07 20:21:59.065783
2024,Maio,BA,4729,526,2025-05-07 20:21:59.065783
2024,Marco,BA,4548,263,2025-05-07 20:21:59.065783
2024,Novembro,BA,3167,359,2025-05-07 20:21:59.065783
2024,Outubro,BA,3213,563,2025-05-07 20:21:59.065783
2024,Setembro,BA,2890,462,2025-05-07 20:21:59.065783
2024,Abril,RJ,5575,468,2025-05-07 20:21:59.065783
2024,Agosto,RJ,3710,597,2025-05-07 20:21:59.065783
2024,Dezembro,RJ,2180,579,2025-05-07 20:21:59.065783
2024,Fevereiro,RJ,3363,595,2025-05-07 20:21:59.065783
2024,Janeiro,RJ,2473,678,2025-05-07 20:21:59.065783
2024,Julho,RJ,2641,564,2025-05-07 20:21:59.065783
2024,Junho,RJ,3734,660,2025-05-07 20:21:59.065783
2024,Maio,RJ,4047,658,2025-05-07 20:21:59.065783
2024,Marco,RJ,4343,437,2025-05-07 20:21:59.065783
2024,Novembro,RJ,3146,546,2025-05-07 20:21:59.065783
2024,Outubro,RJ,2915,630,2025-05-07 20:21:59.065783
2024,Setembro,RJ,2602,591,2025-05-07 20:21:59.065783
2024,Abril,RS,6056,285,2025-05-07 20:21:59.065783
2024,Agosto,RS,3605,558,2025-05-07 20:21:59.065783
2024,Dezembro,RS,2605,529,2025-05-07 20:21:59.065783
2024,Fevereiro,RS,3434,369,2025-05-07 20:21:59.065783
2024,Janeiro,RS,2296,647,2025-05-07 20:21:59.065783
2024,Julho,RS,2896,305,2025-05-07 20:21:59.065783
2024,Junho,RS,4071,469,2025-05-07 20:21:59.065783
2024,Maio,RS,4206,486,2025-05-07 20:21:59.065783
2024,Marco,RS,4601,309,2025-05-07 20:21:59.065783
2024,Novembro,RS,2879,484,2025-05-07 20:21:59.065783
2024,Outubro,RS,3173,513,2025-05-07 20:21:59.065783
2024,Setembro,RS,2859,433,2025-05-07 20:21:59.065783
2024,Abril,SP,64783,34230,2025-05-07 20:21:59.065783
2024,Agosto,SP,9909,34620,2025-05-07 20:21:59.065783
2024,Dezembro,SP,10003,30271,2025-05-07 20:21:59.065783
2024,Fevereiro,SP,34516,27375,2025-05-07 20:21:59.065783
2024,Janeiro,SP,21044,32372,2025-05-07 20:21:59.065783
2024,Julho,SP,13148,35849,2025-05-07 20:21:59.065783
2024,Junho,SP,21341,34758,2025-05-07 20:21:59.065783
2024,Maio,SP,52010,34160,2025-05-07 20:21:59.065783
2024,Marco,SP,41276,32287,2025-05-07 20:21:59.065783
2024,Novembro,SP,9528,30014,2025-05-07 20:21:59.065783
2024,Outubro,SP,10908,30949,2025-05-07 20:21:59.065783
2024,Setembro,SP,8828,30131,2025-05-07 20:21:59.065783
2024,Abril,BA,5864,14,2025-05-07 20:23:57.489009
2024,Agosto,BA,1996,159,2025-05-07 20:23:57.489009
2024,Dezembro,BA,1999,79,2025-05-07 20:23:57.489009
2024,Fevereiro,BA,1876,264,2025-05-07 20:23:57.489009
2024,Janeiro,BA,2371,122,2025-05-07 20:23:57.489009
2024,Julho,BA,2282,39,2025-05-07 20:23:57.489009
2024,Junho,BA,2330,215,2025-05-07 20:23:57.489009
2024,Maio,BA,2090,169,2025-05-07 20:23:57.489009
2024,Marco,BA,2087,238,2025-05-07 20:23:57.489009
2024,Novembro,BA,2032,165,2025-05-07 20:23:57.489009
2024,Outubro,BA,1750,20,2025-05-07 20:23:57.489009
2024,Setembro,BA,2310,14,2025-05-07 20:23:57.489009
2024,Abril,RJ,5378,112,2025-05-07 20:23:57.489009
2024,Agosto,RJ,1958,106,2025-05-07 20:23:57.489009
2024,Dezembro,RJ,2035,40,2025-05-07 20:23:57.489009
2024,Fevereiro,RJ,1911,334,2025-05-07 20:23:57.489009
2024,Janeiro,RJ,2003,62,2025-05-07 20:23:57.489009
2024,Julho,RJ,2052,22,2025-05-07 20:23:57.489009
2024,Junho,RJ,2223,194,2025-05-07 20:23:57.489009
2024,Maio,RJ,2293,234,2025-05-07 20:23:57.489009
2024,Marco,RJ,1847,304,2025-05-07 20:23:57.489009
2024,Novembro,RJ,2057,171,2025-05-07 20:23:57.489009
2024,Outubro,RJ,1786,35,2025-05-07 20:23:57.489009
2024,Setembro,RJ,2095,129,2025-05-07 20:23:57.489009
2024,Abril,RS,6850,133,2025-05-07 20:23:57.489009
2024,Agosto,RS,2008,159,2025-05-07 20:23:57.489009
2024,Dezembro,RS,1722,114,2025-05-07 20:23:57.489009
2024,Fevereiro,RS,1972,462,2025-05-07 20:23:57.489009
2024,Janeiro,RS,2186,199,2025-05-07 20:23:57.489009
2024,Julho,RS,2323,-18,2025-05-07 20:23:57.489009
2024,Junho,RS,2262,262,2025-05-07 20:23:57.489009
2024,Maio,RS,2954,341,2025-05-07 20:23:57.489009
2024,Marco,RS,1778,409,2025-05-07 20:23:57.489009
2024,Novembro,RS,1996,297,2025-05-07 20:23:57.489009
2024,Outubro,RS,1761,155,2025-05-07 20:23:57.489009
2024,Setembro,RS,2002,191,2025-05-07 20:23:57.489009
2024,Abril,SP,56493,29835,2025-05-07 20:23:57.489009
2024,Agosto,SP,4423,32380,2025-05-07 20:23:57.489009
2024,Dezembro,SP,8880,27339,2025-05-07 20:23:57.489009
2024,Fevereiro,SP,35679,26205,2025-05-07 20:23:57.489009
2024,Janeiro,SP,18383,30143,2025-05-07 20:23:57.489009
2024,Julho,SP,7901,32541,2025-05-07 20:23:57.489009
2024,Junho,SP,13748,32452,2025-05-07 20:23:57.489009
2024,Maio,SP,52318,32761,2025-05-07 20:23:57.489009
2024,Marco,SP,48053,31109,2025-05-07 20:23:57.489009
2024,Novembro,SP,6152,26084,2025-05-07 20:23:57.489009
2024,Outubro,SP,3709,28740,2025-05-07 20:23:57.489009
2024,Setembro,SP,5585,27097,2025-05-07 20:23:57.489009
2024,Abril,BA,3583,208,2025-05-07 20:26:04.724892
2024,Agosto,BA,2141,528,2025-05-07 20:26:04.724892
2024,Dezembro,BA,1893,406,2025-05-07 20:26:04.724892
2024,Fevereiro,BA,2475,353,2025-05-07 20:26:04.724892
2024,Janeiro,BA,2491,357,2025-05-07 20:26:04.724892
2024,Julho,BA,1923,578,2025-05-07 20:26:04.724892
2024,Junho,BA,2139,353,2025-05-07 20:26:04.724892
2024,Maio,BA,2638,428,2025-05-07 20:26:04.724892
2024,Marco,BA,2198,423,2025-05-07 20:26:04.724892
2024,Novembro,BA,2126,422,2025-05-07 20:26:04.724892
2024,Outubro,BA,2019,431,2025-05-07 20:26:04.724892
2024,Setembro,BA,2101,436,2025-05-07 20:26:04.724892
2024,Abril,RJ,2645,594,2025-05-07 20:26:04.724892
2024,Agosto,RJ,1844,688,2025-05-07 20:26:04.724892
2024,Dezembro,RJ,1730,494,2025-05-07 20:26:04.724892
2024,Fevereiro,RJ,1848,413,2025-05-07 20:26:04.724892
2024,Janeiro,RJ,2139,475,2025-05-07 20:26:04.724892
2024,Julho,RJ,1784,564,2025-05-07 20:26:04.724892
2024,Junho,RJ,1770,474,2025-05-07 20:26:04.724892
2024,Maio,RJ,2093,551,2025-05-07 20:26:04.724892
2024,Marco,RJ,2064,457,2025-05-07 20:26:04.724892
2024,Novembro,RJ,1852,461,2025-05-07 20:26:04.724892
2024,Outubro,RJ,1642,353,2025-05-07 20:26:04.724892
2024,Setembro,RJ,1811,397,2025-05-07 20:26:04.724892
2024,Abril,RS,2952,373,2025-05-07 20:26:04.724892
2024,Agosto,RS,1733,560,2025-05-07 20:26:04.724892
2024,Dezembro,RS,1621,365,2025-05-07 20:26:04.724892
2024,Fevereiro,RS,1841,425,2025-05-07 20:26:04.724892
2024,Janeiro,RS,2003,471,2025-05-07 20:26:04.724892
2024,Julho,RS,1701,376,2025-05-07 20:26:04.724892
2024,Junho,RS,1781,377,2025-05-07 20:26:04.724892
2024,Maio,RS,2298,448,2025-05-07 20:26:04.724892
2024,Marco,RS,2050,345,2025-05-07 20:26:04.724892
2024,Novembro,RS,1832,422,2025-05-07 20:26:04.724892
2024,Outubro,RS,1651,241,2025-05-07 20:26:04.724892
2024,Setembro,RS,1834,497,2025-05-07 20:26:04.724892
2024,Abril,SP,58306,31349,2025-05-07 20:26:04.724892
2024,Agosto,SP,1554,33768,2025-05-07 20:26:04.724892
2024,Dezembro,SP,3484,27876,2025-05-07 20:26:04.724892
2024,Fevereiro,SP,23914,24952,2025-05-07 20:26:04.724892
2024,Janeiro,SP,14354,30498,2025-05-07 20:26:04.724892
2024,Julho,SP,4376,34374,2025-05-07 20:26:04.724892
2024,Junho,SP,11837,32838,2025-05-07 20:26:04.724892
2024,Maio,SP,43320,29854,2025-05-07 20:26:04.724892
2024,Marco,SP,42708,31152,2025-05-07 20:26:04.724892
2024,Novembro,SP,4516,27146,2025-05-07 20:26:04.724892
2024,Outubro,SP,2673,29658,2025-05-07 20:26:04.724892
2024,Setembro,SP,1506,26868,2025-05-07 20:26:04.724892
2024,Abril,BA,4303,218,2025-05-07 20:28:04.632356
2024,Agosto,BA,1148,389,2025-05-07 20:28:04.632356
2024,Dezembro,BA,1137,403,2025-05-07 20:28:04.632356
2024,Fevereiro,BA,2074,179,2025-05-07 20:28:04.632356
2024,Janeiro,BA,1238,261,2025-05-07 20:28:04.632356
2024,Julho,BA,1744,221,2025-05-07 20:28:04.632356
2024,Junho,BA,2332,312,2025-05-07 20:28:04.632356
2024,Maio,BA,3432,204,2025-05-07 20:28:04.632356
2024,Marco,BA,2612,97,2025-05-07 20:28:04.632356
2024,Novembro,BA,1737,233,2025-05-07 20:28:04.632356
2024,Outubro,BA,1470,304,2025-05-07 20:28:04.632356
2024,Setembro,BA,1609,277,2025-05-07 20:28:04.632356
2024,Abril,RJ,4410,150,2025-05-07 20:28:04.632356
2024,Agosto,RJ,1109,427,2025-05-07 20:28:04.632356
2024,Dezembro,RJ,1003,378,2025-05-07 20:28:04.632356
2024,Fevereiro,RJ,1919,202,2025-05-07 20:28:04.632356
2024,Janeiro,RJ,1414,264,2025-05-07 20:28:04.632356
2024,Julho,RJ,1607,173,2025-05-07 20:28:04.632356
2024,Junho,RJ,2004,245,2025-05-07 20:28:04.632356
2024,Maio,RJ,3971,126,2025-05-07 20:28:04.632356
2024,Marco,RJ,2320,137,2025-05-07 20:28:04.632356
2024,Novembro,RJ,1448,305,2025-05-07 20:28:04.632356
2024,Outubro,RJ,1369,300,2025-05-07 20:28:04.632356
2024,Setembro,RJ,1317,234,2025-05-07 20:28:04.632356
2024,Abril,RS,4168,205,2025-05-07 20:28:04.632356
2024,Agosto,RS,787,522,2025-05-07 20:28:04.632356
2024,Dezembro,RS,479,394,2025-05-07 20:28:04.632356
2024,Fevereiro,RS,1512,297,2025-05-07 20:28:04.632356
2024,Janeiro,RS,957,252,2025-05-07 20:28:04.632356
2024,Julho,RS,1041,232,2025-05-07 20:28:04.632356
2024,Junho,RS,1652,456,2025-05-07 20:28:04.632356
2024,Maio,RS,2857,251,2025-05-07 20:28:04.632356
2024,Marco,RS,1865,237,2025-05-07 20:28:04.632356
2024,Novembro,RS,941,384,2025-05-07 20:28:04.632356
2024,Outubro,RS,1074,289,2025-05-07 20:28:04.632356
2024,Setembro,RS,996,269,2025-05-07 20:28:04.632356
2024,Abril,SP,62552,30774,2025-05-07 20:28:04.632356
2024,Agosto,SP,5123,32379,2025-05-07 20:28:04.632356
2024,Dezembro,SP,9922,27881,2025-05-07 20:28:04.632356
2024,Fevereiro,SP,26544,24817,2025-05-07 20:28:04.632356
2024,Janeiro,SP,15339,29995,2025-05-07 20:28:04.632356
2024,Julho,SP,6444,32943,2025-05-07 20:28:04.632356
2024,Junho,SP,17389,32941,2025-05-07 20:28:04.632356
2024,Maio,SP,52887,30544,2025-05-07 20:28:04.632356
2024,Marco,SP,50299,30159,2025-05-07 20:28:04.632356
2024,Novembro,SP,6869,26979,2025-05-07 20:28:04.632356
2024,Outubro,SP,8087,28522,2025-05-07 20:28:04.632356
2024,Setembro,SP,8289,27466,2025-05-07 20:28:04.632356
2024,Abril,BA,2952,444,2025-05-07 20:30:01.716253
2024,Agosto,BA,2397,363,2025-05-07 20:30:01.716253
2024,Dezembro,BA,2121,452,2025-05-07 20:30:01.716253
2024,Fevereiro,BA,2503,442,2025-05-07 20:30:01.716253
2024,Janeiro,BA,2252,396,2025-05-07 20:30:01.716253
2024,Julho,BA,2323,495,2025-05-07 20:30:01.716253
2024,Junho,BA,2549,387,2025-05-07 20:30:01.716253
2024,Maio,BA,2680,605,2025-05-07 20:30:01.716253
2024,Marco,BA,2461,486,2025-05-07 20:30:01.716253
2024,Novembro,BA,2150,387,2025-05-07 20:30:01.716253
2024,Outubro,BA,1983,563,2025-05-07 20:30:01.716253
2024,Setembro,BA,2153,435,2025-05-07 20:30:01.716253
2024,Abril,RJ,2946,654,2025-05-07 20:30:01.716253
2024,Agosto,RJ,2202,503,2025-05-07 20:30:01.716253
2024,Dezembro,RJ,1978,459,2025-05-07 20:30:01.716253
2024,Fevereiro,RJ,2153,435,2025-05-07 20:30:01.716253
2024,Janeiro,RJ,2131,524,2025-05-07 20:30:01.716253
2024,Julho,RJ,2107,557,2025-05-07 20:30:01.716253
2024,Junho,RJ,2300,396,2025-05-07 20:30:01.716253
2024,Maio,RJ,2359,662,2025-05-07 20:30:01.716253
2024,Marco,RJ,2575,476,2025-05-07 20:30:01.716253
2024,Novembro,RJ,2063,538,2025-05-07 20:30:01.716253
2024,Outubro,RJ,1849,592,2025-05-07 20:30:01.716253
2024,Setembro,RJ,1843,494,2025-05-07 20:30:01.716253
2024,Abril,RS,2701,789,2025-05-07 20:30:01.716253
2024,Agosto,RS,1453,619,2025-05-07 20:30:01.716253
2024,Dezembro,RS,1626,584,2025-05-07 20:30:01.716253
2024,Fevereiro,RS,1864,543,2025-05-07 20:30:01.716253
2024,Janeiro,RS,1783,682,2025-05-07 20:30:01.716253
2024,Julho,RS,1765,635,2025-05-07 20:30:01.716253
2024,Junho,RS,1873,511,2025-05-07 20:30:01.716253
2024,Maio,RS,2247,616,2025-05-07 20:30:01.716253
2024,Marco,RS,2035,535,2025-05-07 20:30:01.716253
2024,Novembro,RS,1546,529,2025-05-07 20:30:01.716253
2024,Outubro,RS,1530,687,2025-05-07 20:30:01.716253
2024,Setembro,RS,1653,551,2025-05-07 20:30:01.716253
2024,Abril,SP,57870,31349,2025-05-07 20:30:01.716253
2024,Agosto,SP,8962,30845,2025-05-07 20:30:01.716253
2024,Dezembro,SP,7536,27591,2025-05-07 20:30:01.716253
2024,Fevereiro,SP,29149,25167,2025-05-07 20:30:01.716253
2024,Janeiro,SP,15473,29886,2025-05-07 20:30:01.716253
2024,Julho,SP,7279,32337,2025-05-07 20:30:01.716253
2024,Junho,SP,15116,32086,2025-05-07 20:30:01.716253
2024,Maio,SP,56437,32252,2025-05-07 20:30:01.716253
2024,Marco,SP,50476,31113,2025-05-07 20:30:01.716253
2024,Novembro,SP,5905,26545,2025-05-07 20:30:01.716253
2024,Outubro,SP,9769,28533,2025-05-07 20:30:01.716253
2024,Setembro,SP,6835,25881,2025-05-07 20:30:01.716253
2024,Abril,BA,4973,127,2025-05-07 20:31:58.034130
2024,Agosto,BA,1651,288,2025-05-07 20:31:58.034130
2024,Dezembro,BA,1744,235,2025-05-07 20:31:58.034130
2024,Fevereiro,BA,1887,217,2025-05-07 20:31:58.034130
2024,Janeiro,BA,1735,413,2025-05-07 20:31:58.034130
2024,Julho,BA,1734,204,2025-05-07 20:31:58.034130
2024,Junho,BA,1823,247,2025-05-07 20:31:58.034130
2024,Maio,BA,2626,151,2025-05-07 20:31:58.034130
2024,Marco,BA,2086,143,2025-05-07 20:31:58.034130
2024,Novembro,BA,1634,294,2025-05-07 20:31:58.034130
2024,Outubro,BA,1592,224,2025-05-07 20:31:58.034130
2024,Setembro,BA,1574,203,2025-05-07 20:31:58.034130
2024,Abril,RJ,3325,305,2025-05-07 20:31:58.034130
2024,Agosto,RJ,1706,161,2025-05-07 20:31:58.034130
2024,Dezembro,RJ,1727,107,2025-05-07 20:31:58.034130
2024,Fevereiro,RJ,1901,205,2025-05-07 20:31:58.034130
2024,Janeiro,RJ,1710,376,2025-05-07 20:31:58.034130
2024,Julho,RJ,1833,277,2025-05-07 20:31:58.034130
2024,Junho,RJ,1803,73,2025-05-07 20:31:58.034130
2024,Maio,RJ,1973,302,2025-05-07 20:31:58.034130
2024,Marco,RJ,1905,28,2025-05-07 20:31:58.034130
2024,Novembro,RJ,1472,144,2025-05-07 20:31:58.034130
2024,Outubro,RJ,1611,108,2025-05-07 20:31:58.034130
2024,Setembro,RJ,1495,164,2025-05-07 20:31:58.034130
2024,Abril,RS,3629,347,2025-05-07 20:31:58.034130
2024,Agosto,RS,1501,253,2025-05-07 20:31:58.034130
2024,Dezembro,RS,1496,236,2025-05-07 20:31:58.034130
2024,Fevereiro,RS,1725,304,2025-05-07 20:31:58.034130
2024,Janeiro,RS,1629,535,2025-05-07 20:31:58.034130
2024,Julho,RS,1656,335,2025-05-07 20:31:58.034130
2024,Junho,RS,1756,412,2025-05-07 20:31:58.034130
2024,Maio,RS,2521,328,2025-05-07 20:31:58.034130
2024,Marco,RS,1850,22,2025-05-07 20:31:58.034130
2024,Novembro,RS,1549,284,2025-05-07 20:31:58.034130
2024,Outubro,RS,1468,240,2025-05-07 20:31:58.034130
2024,Setembro,RS,1371,221,2025-05-07 20:31:58.034130
2024,Abril,SP,54426,30499,2025-05-07 20:31:58.034130
2024,Agosto,SP,6051,31322,2025-05-07 20:31:58.034130
2024,Dezembro,SP,4762,25609,2025-05-07 20:31:58.034130
2024,Fevereiro,SP,29773,23865,2025-05-07 20:31:58.034130
2024,Janeiro,SP,13173,29026,2025-05-07 20:31:58.034130
2024,Julho,SP,6433,32112,2025-05-07 20:31:58.034130
2024,Junho,SP,11458,31673,2025-05-07 20:31:58.034130
2024,Maio,SP,42945,30498,2025-05-07 20:31:58.034130
2024,Marco,SP,35273,28066,2025-05-07 20:31:58.034130
2024,Novembro,SP,3193,25928,2025-05-07 20:31:58.034130
2024,Outubro,SP,5629,26857,2025-05-07 20:31:58.034130
2024,Setembro,SP,4123,26177,2025-05-07 20:31:58.034130
2024,Abril,BA,7580,372,2025-05-07 20:34:17.416709
2024,Agosto,BA,2864,273,2025-05-07 20:34:17.416709
2024,Dezembro,BA,2398,196,2025-05-07 20:34:17.416709
2024,Fevereiro,BA,2980,352,2025-05-07 20:34:17.416709
2024,Janeiro,BA,1777,543,2025-05-07 20:34:17.416709
2024,Julho,BA,2512,416,2025-05-07 20:34:17.416709
2024,Junho,BA,3178,274,2025-05-07 20:34:17.416709
2024,Maio,BA,4675,124,2025-05-07 20:34:17.416709
2024,Marco,BA,5153,102,2025-05-07 20:34:17.416709
2024,Novembro,BA,2060,368,2025-05-07 20:34:17.416709
2024,Outubro,BA,1981,456,2025-05-07 20:34:17.416709
2024,Setembro,BA,2101,301,2025-05-07 20:34:17.416709
2024,Abril,RJ,6427,334,2025-05-07 20:34:17.416709
2024,Agosto,RJ,2046,392,2025-05-07 20:34:17.416709
2024,Dezembro,RJ,1930,293,2025-05-07 20:34:17.416709
2024,Fevereiro,RJ,2298,307,2025-05-07 20:34:17.416709
2024,Janeiro,RJ,1701,476,2025-05-07 20:34:17.416709
2024,Julho,RJ,1962,478,2025-05-07 20:34:17.416709
2024,Junho,RJ,2463,331,2025-05-07 20:34:17.416709
2024,Maio,RJ,3796,124,2025-05-07 20:34:17.416709
2024,Marco,RJ,3721,161,2025-05-07 20:34:17.416709
2024,Novembro,RJ,1585,407,2025-05-07 20:34:17.416709
2024,Outubro,RJ,1694,379,2025-05-07 20:34:17.416709
2024,Setembro,RJ,1674,455,2025-05-07 20:34:17.416709
2024,Abril,RS,8034,424,2025-05-07 20:34:17.416709
2024,Agosto,RS,2510,233,2025-05-07 20:34:17.416709
2024,Dezembro,RS,1805,305,2025-05-07 20:34:17.416709
2024,Fevereiro,RS,2404,374,2025-05-07 20:34:17.416709
2024,Janeiro,RS,1600,471,2025-05-07 20:34:17.416709
2024,Julho,RS,2212,496,2025-05-07 20:34:17.416709
2024,Junho,RS,2233,441,2025-05-07 20:34:17.416709
2024,Maio,RS,4431,204,2025-05-07 20:34:17.416709
2024,Marco,RS,4274,111,2025-05-07 20:34:17.416709
2024,Novembro,RS,1577,453,2025-05-07 20:34:17.416709
2024,Outubro,RS,1637,456,2025-05-07 20:34:17.416709
2024,Setembro,RS,1865,386,2025-05-07 20:34:17.416709
2024,Abril,SP,64664,31077,2025-05-07 20:34:17.416709
2024,Agosto,SP,8107,32351,2025-05-07 20:34:17.416709
2024,Dezembro,SP,13187,27173,2025-05-07 20:34:17.416709
2024,Fevereiro,SP,35391,26224,2025-05-07 20:34:17.416709
2024,Janeiro,SP,18551,30435,2025-05-07 20:34:17.416709
2024,Julho,SP,9942,33602,2025-05-07 20:34:17.416709
2024,Junho,SP,23072,33631,2025-05-07 20:34:17.416709
2024,Maio,SP,51192,30498,2025-05-07 20:34:17.416709
2024,Marco,SP,44605,29888,2025-05-07 20:34:17.416709
2024,Novembro,SP,9304,27865,2025-05-07 20:34:17.416709
2024,Outubro,SP,12660,30019,2025-05-07 20:34:17.416709
2024,Setembro,SP,12402,27595,2025-05-07 20:34:17.416709
2024,Abril,BA,3220,717,2025-05-07 20:36:13.767955
2024,Agosto,BA,2462,331,2025-05-07 20:36:13.767955
2024,Dezembro,BA,2320,423,2025-05-07 20:36:13.767955
2024,Fevereiro,BA,2444,405,2025-05-07 20:36:13.767955
2024,Janeiro,BA,2355,559,2025-05-07 20:36:13.767955
2024,Julho,BA,2849,618,2025-05-07 20:36:13.767955
2024,Junho,BA,2562,552,2025-05-07 20:36:13.767955
2024,Maio,BA,2908,501,2025-05-07 20:36:13.767955
2024,Marco,BA,2807,323,2025-05-07 20:36:13.767955
2024,Novembro,BA,2488,454,2025-05-07 20:36:13.767955
2024,Outubro,BA,2359,588,2025-05-07 20:36:13.767955
2024,Setembro,BA,2252,403,2025-05-07 20:36:13.767955
2024,Abril,RJ,2753,758,2025-05-07 20:36:13.767955
2024,Agosto,RJ,2169,339,2025-05-07 20:36:13.767955
2024,Dezembro,RJ,1999,410,2025-05-07 20:36:13.767955
2024,Fevereiro,RJ,2301,447,2025-05-07 20:36:13.767955
2024,Janeiro,RJ,2048,445,2025-05-07 20:36:13.767955
2024,Julho,RJ,2070,455,2025-05-07 20:36:13.767955
2024,Junho,RJ,2183,448,2025-05-07 20:36:13.767955
2024,Maio,RJ,2537,369,2025-05-07 20:36:13.767955
2024,Marco,RJ,2439,313,2025-05-07 20:36:13.767955
2024,Novembro,RJ,2099,391,2025-05-07 20:36:13.767955
2024,Outubro,RJ,1984,491,2025-05-07 20:36:13.767955
2024,Setembro,RJ,1625,248,2025-05-07 20:36:13.767955
2024,Abril,RS,2925,768,2025-05-07 20:36:13.767955
2024,Agosto,RS,2404,446,2025-05-07 20:36:13.767955
2024,Dezembro,RS,2206,387,2025-05-07 20:36:13.767955
2024,Fevereiro,RS,2297,369,2025-05-07 20:36:13.767955
2024,Janeiro,RS,2224,453,2025-05-07 20:36:13.767955
2024,Julho,RS,2312,469,2025-05-07 20:36:13.767955
2024,Junho,RS,2502,602,2025-05-07 20:36:13.767955
2024,Maio,RS,2751,530,2025-05-07 20:36:13.767955
2024,Marco,RS,2788,479,2025-05-07 20:36:13.767955
2024,Novembro,RS,2490,393,2025-05-07 20:36:13.767955
2024,Outubro,RS,2373,510,2025-05-07 20:36:13.767955
2024,Setembro,RS,1979,293,2025-05-07 20:36:13.767955
2024,Abril,SP,55503,31620,2025-05-07 20:36:13.767955
2024,Agosto,SP,8830,30755,2025-05-07 20:36:13.767955
2024,Dezembro,SP,8724,27990,2025-05-07 20:36:13.767955
2024,Fevereiro,SP,28558,24889,2025-05-07 20:36:13.767955
2024,Janeiro,SP,13728,30533,2025-05-07 20:36:13.767955
2024,Julho,SP,12408,32765,2025-05-07 20:36:13.767955
2024,Junho,SP,13492,32503,2025-05-07 20:36:13.767955
2024,Maio,SP,40698,32051,2025-05-07 20:36:13.767955
2024,Marco,SP,43081,31698,2025-05-07 20:36:13.767955
2024,Novembro,SP,8551,25640,2025-05-07 20:36:13.767955
2024,Outubro,SP,7845,29639,2025-05-07 20:36:13.767955
2024,Setembro,SP,8527,27178,2025-05-07 20:36:13.767955
2024,Abril,BA,3931,-5,2025-05-07 20:38:20.105747
2024,Agosto,BA,1978,347,2025-05-07 20:38:20.105747
2024,Dezembro,BA,1830,307,2025-05-07 20:38:20.105747
2024,Fevereiro,BA,2571,78,2025-05-07 20:38:20.105747
2024,Janeiro,BA,1935,399,2025-05-07 20:38:20.105747
2024,Julho,BA,2085,451,2025-05-07 20:38:20.105747
2024,Junho,BA,2329,424,2025-05-07 20:38:20.105747
2024,Maio,BA,2284,365,2025-05-07 20:38:20.105747
2024,Marco,BA,2501,210,2025-05-07 20:38:20.105747
2024,Novembro,BA,1634,427,2025-05-07 20:38:20.105747
2024,Outubro,BA,1803,330,2025-05-07 20:38:20.105747
2024,Setembro,BA,1843,358,2025-05-07 20:38:20.105747
2024,Abril,RJ,3250,110,2025-05-07 20:38:20.105747
2024,Agosto,RJ,1562,282,2025-05-07 20:38:20.105747
2024,Dezembro,RJ,1762,244,2025-05-07 20:38:20.105747
2024,Fevereiro,RJ,2282,139,2025-05-07 20:38:20.105747
2024,Janeiro,RJ,1858,233,2025-05-07 20:38:20.105747
2024,Julho,RJ,1791,395,2025-05-07 20:38:20.105747
2024,Junho,RJ,2110,347,2025-05-07 20:38:20.105747
2024,Maio,RJ,2210,207,2025-05-07 20:38:20.105747
2024,Marco,RJ,2211,145,2025-05-07 20:38:20.105747
2024,Novembro,RJ,1638,282,2025-05-07 20:38:20.105747
2024,Outubro,RJ,1706,289,2025-05-07 20:38:20.105747
2024,Setembro,RJ,1690,348,2025-05-07 20:38:20.105747
2024,Abril,RS,3684,-100,2025-05-07 20:38:20.105747
2024,Agosto,RS,1679,387,2025-05-07 20:38:20.105747
2024,Dezembro,RS,1678,344,2025-05-07 20:38:20.105747
2024,Fevereiro,RS,2316,168,2025-05-07 20:38:20.105747
2024,Janeiro,RS,1697,322,2025-05-07 20:38:20.105747
2024,Julho,RS,1659,520,2025-05-07 20:38:20.105747
2024,Junho,RS,2054,365,2025-05-07 20:38:20.105747
2024,Maio,RS,2317,214,2025-05-07 20:38:20.105747
2024,Marco,RS,2371,150,2025-05-07 20:38:20.105747
2024,Novembro,RS,1480,298,2025-05-07 20:38:20.105747
2024,Outubro,RS,1662,357,2025-05-07 20:38:20.105747
2024,Setembro,RS,1570,247,2025-05-07 20:38:20.105747
2024,Abril,SP,63471,31258,2025-05-07 20:38:20.105747
2024,Agosto,SP,3584,30196,2025-05-07 20:38:20.105747
2024,Dezembro,SP,7195,27282,2025-05-07 20:38:20.105747
2024,Fevereiro,SP,32768,25515,2025-05-07 20:38:20.105747
2024,Janeiro,SP,10144,29007,2025-05-07 20:38:20.105747
2024,Julho,SP,7410,33733,2025-05-07 20:38:20.105747
2024,Junho,SP,17134,32847,2025-05-07 20:38:20.105747
2024,Maio,SP,46294,29978,2025-05-07 20:38:20.105747
2024,Marco,SP,50102,29880,2025-05-07 20:38:20.105747
2024,Novembro,SP,5561,27365,2025-05-07 20:38:20.105747
2024,Outubro,SP,6157,29615,2025-05-07 20:38:20.105747
2024,Setembro,SP,6341,28424,2025-05-07 20:38:20.105747
2024,Abril,BA,4006,343,2025-05-07 20:41:11.240042
2024,Agosto,BA,2029,238,2025-05-07 20:41:11.240042
2024,Dezembro,BA,1998,426,2025-05-07 20:41:11.240042
2024,Fevereiro,BA,2308,279,2025-05-07 20:41:11.240042
2024,Janeiro,BA,2010,639,2025-05-07 20:41:11.240042
2024,Julho,BA,2249,311,2025-05-07 20:41:11.240042
2024,Junho,BA,2253,483,2025-05-07 20:41:11.240042
2024,Maio,BA,3406,270,2025-05-07 20:41:11.240042
2024,Marco,BA,2488,372,2025-05-07 20:41:11.240042
2024,Novembro,BA,2100,325,2025-05-07 20:41:11.240042
2024,Outubro,BA,1949,247,2025-05-07 20:41:11.240042
2024,Setembro,BA,2181,502,2025-05-07 20:41:11.240042
2024,Abril,RJ,3936,388,2025-05-07 20:41:11.240042
2024,Agosto,RJ,1825,356,2025-05-07 20:41:11.240042
2024,Dezembro,RJ,2052,425,2025-05-07 20:41:11.240042
2024,Fevereiro,RJ,2087,332,2025-05-07 20:41:11.240042
2024,Janeiro,RJ,2101,696,2025-05-07 20:41:11.240042
2024,Julho,RJ,2312,168,2025-05-07 20:41:11.240042
2024,Junho,RJ,2249,420,2025-05-07 20:41:11.240042
2024,Maio,RJ,3265,454,2025-05-07 20:41:11.240042
2024,Marco,RJ,2542,342,2025-05-07 20:41:11.240042
2024,Novembro,RJ,2059,315,2025-05-07 20:41:11.240042
2024,Outubro,RJ,1833,332,2025-05-07 20:41:11.240042
2024,Setembro,RJ,2119,581,2025-05-07 20:41:11.240042
2024,Abril,RS,3575,498,2025-05-07 20:41:11.240042
2024,Agosto,RS,1704,375,2025-05-07 20:41:11.240042
2024,Dezembro,RS,1722,453,2025-05-07 20:41:11.240042
2024,Fevereiro,RS,1906,346,2025-05-07 20:41:11.240042
2024,Janeiro,RS,1692,636,2025-05-07 20:41:11.240042
2024,Julho,RS,1890,329,2025-05-07 20:41:11.240042
2024,Junho,RS,1921,554,2025-05-07 20:41:11.240042
2024,Maio,RS,2872,358,2025-05-07 20:41:11.240042
2024,Marco,RS,2000,451,2025-05-07 20:41:11.240042
2024,Novembro,RS,1801,333,2025-05-07 20:41:11.240042
2024,Outubro,RS,1664,385,2025-05-07 20:41:11.240042
2024,Setembro,RS,1988,469,2025-05-07 20:41:11.240042
2024,Abril,SP,65866,37520,2025-05-07 20:41:11.240042
2024,Agosto,SP,5578,32128,2025-05-07 20:41:11.240042
2024,Dezembro,SP,6202,30044,2025-05-07 20:41:11.240042
2024,Fevereiro,SP,27863,26937,2025-05-07 20:41:11.240042
2024,Janeiro,SP,16442,34137,2025-05-07 20:41:11.240042
2024,Julho,SP,8109,34348,2025-05-07 20:41:11.240042
2024,Junho,SP,12602,34102,2025-05-07 20:41:11.240042
2024,Maio,SP,49634,33089,2025-05-07 20:41:11.240042
2024,Marco,SP,42094,32479,2025-05-07 20:41:11.240042
2024,Novembro,SP,3415,29246,2025-05-07 20:41:11.240042
2024,Outubro,SP,6656,30153,2025-05-07 20:41:11.240042
2024,Setembro,SP,7691,30525,2025-05-07 20:41:11.240042
2024,Abril,BA,4819,316,2025-05-07 20:43:15.696564
2024,Agosto,BA,2487,225,2025-05-07 20:43:15.696564
2024,Dezembro,BA,2556,235,2025-05-07 20:43:15.696564
2024,Fevereiro,BA,2800,299,2025-05-07 20:43:15.696564
2024,Janeiro,BA,2767,372,2025-05-07 20:43:15.696564
2024,Julho,BA,2512,231,2025-05-07 20:43:15.696564
2024,Junho,BA,2642,342,2025-05-07 20:43:15.696564
2024,Maio,BA,3643,256,2025-05-07 20:43:15.696564
2024,Marco,BA,2689,335,2025-05-07 20:43:15.696564
2024,Novembro,BA,2566,276,2025-05-07 20:43:15.696564
2024,Outubro,BA,2491,228,2025-05-07 20:43:15.696564
2024,Setembro,BA,2486,190,2025-05-07 20:43:15.696564
2024,Abril,RJ,5056,257,2025-05-07 20:43:15.696564
2024,Agosto,RJ,2468,139,2025-05-07 20:43:15.696564
2024,Dezembro,RJ,2545,207,2025-05-07 20:43:15.696564
2024,Fevereiro,RJ,2777,291,2025-05-07 20:43:15.696564
2024,Janeiro,RJ,2605,284,2025-05-07 20:43:15.696564
2024,Julho,RJ,2520,188,2025-05-07 20:43:15.696564
2024,Junho,RJ,2695,391,2025-05-07 20:43:15.696564
2024,Maio,RJ,3994,369,2025-05-07 20:43:15.696564
2024,Marco,RJ,2682,278,2025-05-07 20:43:15.696564
2024,Novembro,RJ,2427,149,2025-05-07 20:43:15.696564
2024,Outubro,RJ,2585,309,2025-05-07 20:43:15.696564
2024,Setembro,RJ,2373,66,2025-05-07 20:43:15.696564
2024,Abril,RS,4934,443,2025-05-07 20:43:15.696564
2024,Agosto,RS,2423,197,2025-05-07 20:43:15.696564
2024,Dezembro,RS,2463,190,2025-05-07 20:43:15.696564
2024,Fevereiro,RS,2576,244,2025-05-07 20:43:15.696564
2024,Janeiro,RS,2803,354,2025-05-07 20:43:15.696564
2024,Julho,RS,2422,168,2025-05-07 20:43:15.696564
2024,Junho,RS,2564,325,2025-05-07 20:43:15.696564
2024,Maio,RS,3465,345,2025-05-07 20:43:15.696564
2024,Marco,RS,2569,281,2025-05-07 20:43:15.696564
2024,Novembro,RS,2436,224,2025-05-07 20:43:15.696564
2024,Outubro,RS,2438,250,2025-05-07 20:43:15.696564
2024,Setembro,RS,2304,76,2025-05-07 20:43:15.696564
2024,Abril,SP,66424,31484,2025-05-07 20:43:15.696564
2024,Agosto,SP,11395,33045,2025-05-07 20:43:15.696564
2024,Dezembro,SP,9682,28297,2025-05-07 20:43:15.696564
2024,Fevereiro,SP,37098,26915,2025-05-07 20:43:15.696564
2024,Janeiro,SP,17230,30352,2025-05-07 20:43:15.696564
2024,Julho,SP,11387,33498,2025-05-07 20:43:15.696564
2024,Junho,SP,20781,32365,2025-05-07 20:43:15.696564
2024,Maio,SP,55127,32326,2025-05-07 20:43:15.696564
2024,Marco,SP,44336,30657,2025-05-07 20:43:15.696564
2024,Novembro,SP,9761,27473,2025-05-07 20:43:15.696564
2024,Outubro,SP,10613,29795,2025-05-07 20:43:15.696564
2024,Setembro,SP,9141,27012,2025-05-07 20:43:15.696564
2024,Abril,BA,3315,93,2025-05-07 20:45:37.872373
2024,Agosto,BA,1307,320,2025-05-07 20:45:37.872373
2024,Dezembro,BA,1368,268,2025-05-07 20:45:37.872373
2024,Fevereiro,BA,1864,146,2025-05-07 20:45:37.872373
2024,Janeiro,BA,1196,392,2025-05-07 20:45:37.872373
2024,Julho,BA,1656,265,2025-05-07 20:45:37.872373
2024,Junho,BA,1745,376,2025-05-07 20:45:37.872373
2024,Maio,BA,2397,219,2025-05-07 20:45:37.872373
2024,Marco,BA,2457,137,2025-05-07 20:45:37.872373
2024,Novembro,BA,1152,224,2025-05-07 20:45:37.872373
2024,Outubro,BA,1445,315,2025-05-07 20:45:37.872373
2024,Setembro,BA,1301,330,2025-05-07 20:45:37.872373
2024,Abril,RJ,3687,119,2025-05-07 20:45:37.872373
2024,Agosto,RJ,1127,261,2025-05-07 20:45:37.872373
2024,Dezembro,RJ,1145,220,2025-05-07 20:45:37.872373
2024,Fevereiro,RJ,1630,163,2025-05-07 20:45:37.872373
2024,Janeiro,RJ,1175,197,2025-05-07 20:45:37.872373
2024,Julho,RJ,1258,165,2025-05-07 20:45:37.872373
2024,Junho,RJ,1706,441,2025-05-07 20:45:37.872373
2024,Maio,RJ,1968,151,2025-05-07 20:45:37.872373
2024,Marco,RJ,2259,178,2025-05-07 20:45:37.872373
2024,Novembro,RJ,949,212,2025-05-07 20:45:37.872373
2024,Outubro,RJ,1275,277,2025-05-07 20:45:37.872373
2024,Setembro,RJ,1077,290,2025-05-07 20:45:37.872373
2024,Abril,RS,4615,184,2025-05-07 20:45:37.872373
2024,Agosto,RS,1195,336,2025-05-07 20:45:37.872373
2024,Dezembro,RS,1150,228,2025-05-07 20:45:37.872373
2024,Fevereiro,RS,1824,153,2025-05-07 20:45:37.872373
2024,Janeiro,RS,1184,253,2025-05-07 20:45:37.872373
2024,Julho,RS,1389,225,2025-05-07 20:45:37.872373
2024,Junho,RS,1710,405,2025-05-07 20:45:37.872373
2024,Maio,RS,2421,241,2025-05-07 20:45:37.872373
2024,Marco,RS,2402,216,2025-05-07 20:45:37.872373
2024,Novembro,RS,926,153,2025-05-07 20:45:37.872373
2024,Outubro,RS,1209,186,2025-05-07 20:45:37.872373
2024,Setembro,RS,1078,165,2025-05-07 20:45:37.872373
2024,Abril,SP,67551,34533,2025-05-07 20:45:37.872373
2024,Agosto,SP,10623,31995,2025-05-07 20:45:37.872373
2024,Dezembro,SP,12662,28710,2025-05-07 20:45:37.872373
2024,Fevereiro,SP,34208,26336,2025-05-07 20:45:37.872373
2024,Janeiro,SP,19912,32512,2025-05-07 20:45:37.872373
2024,Julho,SP,14042,34333,2025-05-07 20:45:37.872373
2024,Junho,SP,22164,33490,2025-05-07 20:45:37.872373
2024,Maio,SP,53018,32919,2025-05-07 20:45:37.872373
2024,Marco,SP,56869,33441,2025-05-07 20:45:37.872373
2024,Novembro,SP,9655,28034,2025-05-07 20:45:37.872373
2024,Outubro,SP,14272,31237,2025-05-07 20:45:37.872373
2024,Setembro,SP,9916,29401,2025-05-07 20:45:37.872373
2024,Abril,BA,7690,253,2025-05-07 20:47:33.874528
2024,Agosto,BA,3049,302,2025-05-07 20:47:33.874528
2024,Dezembro,BA,2934,243,2025-05-07 20:47:33.874528
2024,Fevereiro,BA,3720,102,2025-05-07 20:47:33.874528
2024,Janeiro,BA,3407,108,2025-05-07 20:47:33.874528
2024,Julho,BA,3326,150,2025-05-07 20:47:33.874528
2024,Junho,BA,3328,182,2025-05-07 20:47:33.874528
2024,Maio,BA,5179,228,2025-05-07 20:47:33.874528
2024,Marco,BA,3616,38,2025-05-07 20:47:33.874528
2024,Novembro,BA,3159,175,2025-05-07 20:47:33.874528
2024,Outubro,BA,3350,88,2025-05-07 20:47:33.874528
2024,Setembro,BA,3074,216,2025-05-07 20:47:33.874528
2024,Abril,RJ,6826,133,2025-05-07 20:47:33.874528
2024,Agosto,RJ,2909,330,2025-05-07 20:47:33.874528
2024,Dezembro,RJ,2981,219,2025-05-07 20:47:33.874528
2024,Fevereiro,RJ,3689,135,2025-05-07 20:47:33.874528
2024,Janeiro,RJ,3258,168,2025-05-07 20:47:33.874528
2024,Julho,RJ,3099,245,2025-05-07 20:47:33.874528
2024,Junho,RJ,3255,214,2025-05-07 20:47:33.874528
2024,Maio,RJ,4308,295,2025-05-07 20:47:33.874528
2024,Marco,RJ,3448,172,2025-05-07 20:47:33.874528
2024,Novembro,RJ,3054,281,2025-05-07 20:47:33.874528
2024,Outubro,RJ,3274,62,2025-05-07 20:47:33.874528
2024,Setembro,RJ,3062,105,2025-05-07 20:47:33.874528
2024,Abril,RS,7320,17,2025-05-07 20:47:33.874528
2024,Agosto,RS,3147,46,2025-05-07 20:47:33.874528
2024,Dezembro,RS,2974,159,2025-05-07 20:47:33.874528
2024,Fevereiro,RS,3473,-34,2025-05-07 20:47:33.874528
2024,Janeiro,RS,3281,105,2025-05-07 20:47:33.874528
2024,Julho,RS,3228,29,2025-05-07 20:47:33.874528
2024,Junho,RS,3334,134,2025-05-07 20:47:33.874528
2024,Maio,RS,3915,185,2025-05-07 20:47:33.874528
2024,Marco,RS,3308,-80,2025-05-07 20:47:33.874528
2024,Novembro,RS,3144,87,2025-05-07 20:47:33.874528
2024,Outubro,RS,3223,-12,2025-05-07 20:47:33.874528
2024,Setembro,RS,3124,77,2025-05-07 20:47:33.874528
2024,Abril,SP,65617,32223,2025-05-07 20:47:33.874528
2024,Agosto,SP,13742,31128,2025-05-07 20:47:33.874528
2024,Dezembro,SP,13697,27054,2025-05-07 20:47:33.874528
2024,Fevereiro,SP,35114,25572,2025-05-07 20:47:33.874528
2024,Janeiro,SP,21058,28977,2025-05-07 20:47:33.874528
2024,Julho,SP,14102,32266,2025-05-07 20:47:33.874528
2024,Junho,SP,17525,29329,2025-05-07 20:47:33.874528
2024,Maio,SP,57185,32851,2025-05-07 20:47:33.874528
2024,Marco,SP,36204,29241,2025-05-07 20:47:33.874528
2024,Novembro,SP,11497,26866,2025-05-07 20:47:33.874528
2024,Outubro,SP,17875,28672,2025-05-07 20:47:33.874528
2024,Setembro,SP,11304,26999,2025-05-07 20:47:33.874528
2024,Abril,BA,7736,-192,2025-05-07 20:51:23.796083
2024,Agosto,BA,3270,24,2025-05-07 20:51:23.796083
2024,Dezembro,BA,3314,-144,2025-05-07 20:51:23.796083
2024,Fevereiro,BA,4221,-77,2025-05-07 20:51:23.796083
2024,Janeiro,BA,2834,68,2025-05-07 20:51:23.796083
2024,Julho,BA,2760,84,2025-05-07 20:51:23.796083
2024,Junho,BA,3313,18,2025-05-07 20:51:23.796083
2024,Maio,BA,6393,-137,2025-05-07 20:51:23.796083
2024,Marco,BA,5047,-113,2025-05-07 20:51:23.796083
2024,Novembro,BA,2809,67,2025-05-07 20:51:23.796083
2024,Outubro,BA,2911,37,2025-05-07 20:51:23.796083
2024,Setembro,BA,3084,41,2025-05-07 20:51:23.796083
2024,Abril,RJ,7428,-153,2025-05-07 20:51:23.796083
2024,Agosto,RJ,2571,210,2025-05-07 20:51:23.796083
2024,Dezembro,RJ,2955,-8,2025-05-07 20:51:23.796083
2024,Fevereiro,RJ,3517,6,2025-05-07 20:51:23.796083
2024,Janeiro,RJ,2482,179,2025-05-07 20:51:23.796083
2024,Julho,RJ,2500,121,2025-05-07 20:51:23.796083
2024,Junho,RJ,2794,146,2025-05-07 20:51:23.796083
2024,Maio,RJ,5314,-112,2025-05-07 20:51:23.796083
2024,Marco,RJ,4308,42,2025-05-07 20:51:23.796083
2024,Novembro,RJ,2313,243,2025-05-07 20:51:23.796083
2024,Outubro,RJ,2553,171,2025-05-07 20:51:23.796083
2024,Setembro,RJ,2689,179,2025-05-07 20:51:23.796083
2024,Abril,RS,7645,-137,2025-05-07 20:51:23.796083
2024,Agosto,RS,2354,241,2025-05-07 20:51:23.796083
2024,Dezembro,RS,2793,-38,2025-05-07 20:51:23.796083
2024,Fevereiro,RS,4093,109,2025-05-07 20:51:23.796083
2024,Janeiro,RS,2115,256,2025-05-07 20:51:23.796083
2024,Julho,RS,2221,236,2025-05-07 20:51:23.796083
2024,Junho,RS,2697,200,2025-05-07 20:51:23.796083
2024,Maio,RS,5962,22,2025-05-07 20:51:23.796083
2024,Marco,RS,4371,91,2025-05-07 20:51:23.796083
2024,Novembro,RS,2413,214,2025-05-07 20:51:23.796083
2024,Outubro,RS,2188,190,2025-05-07 20:51:23.796083
2024,Setembro,RS,2313,280,2025-05-07 20:51:23.796083
2024,Abril,SP,68396,35214,2025-05-07 20:51:23.796083
2024,Agosto,SP,8966,32010,2025-05-07 20:51:23.796083
2024,Dezembro,SP,6836,27527,2025-05-07 20:51:23.796083
2024,Fevereiro,SP,34680,26546,2025-05-07 20:51:23.796083
2024,Janeiro,SP,19107,30593,2025-05-07 20:51:23.796083
2024,Julho,SP,14267,34764,2025-05-07 20:51:23.796083
2024,Junho,SP,17440,33095,2025-05-07 20:51:23.796083
2024,Maio,SP,58103,33618,2025-05-07 20:51:23.796083
2024,Marco,SP,53332,33724,2025-05-07 20:51:23.796083
2024,Novembro,SP,9468,28089,2025-05-07 20:51:23.796083
2024,Outubro,SP,10381,29467,2025-05-07 20:51:23.796083
2024,Setembro,SP,5900,27221,2025-05-07 20:51:23.796083
2024,Abril,BA,3153,83,2025-05-07 20:53:36.129369
2024,Agosto,BA,1923,204,2025-05-07 20:53:36.129369
2024,Dezembro,BA,1491,236,2025-05-07 20:53:36.129369
2024,Fevereiro,BA,2041,237,2025-05-07 20:53:36.129369
2024,Janeiro,BA,1850,270,2025-05-07 20:53:36.129369
2024,Julho,BA,1966,281,2025-05-07 20:53:36.129369
2024,Junho,BA,2445,205,2025-05-07 20:53:36.129369
2024,Maio,BA,2700,274,2025-05-07 20:53:36.129369
2024,Marco,BA,2658,19,2025-05-07 20:53:36.129369
2024,Novembro,BA,1570,139,2025-05-07 20:53:36.129369
2024,Outubro,BA,1543,164,2025-05-07 20:53:36.129369
2024,Setembro,BA,1645,160,2025-05-07 20:53:36.129369
2024,Abril,RJ,3296,204,2025-05-07 20:53:36.129369
2024,Agosto,RJ,1964,199,2025-05-07 20:53:36.129369
2024,Dezembro,RJ,1463,177,2025-05-07 20:53:36.129369
2024,Fevereiro,RJ,1952,99,2025-05-07 20:53:36.129369
2024,Janeiro,RJ,1902,188,2025-05-07 20:53:36.129369
2024,Julho,RJ,2037,174,2025-05-07 20:53:36.129369
2024,Junho,RJ,2258,169,2025-05-07 20:53:36.129369
2024,Maio,RJ,2795,243,2025-05-07 20:53:36.129369
2024,Marco,RJ,2466,28,2025-05-07 20:53:36.129369
2024,Novembro,RJ,1545,102,2025-05-07 20:53:36.129369
2024,Outubro,RJ,1475,135,2025-05-07 20:53:36.129369
2024,Setembro,RJ,1558,282,2025-05-07 20:53:36.129369
2024,Abril,RS,2890,121,2025-05-07 20:53:36.129369
2024,Agosto,RS,1645,240,2025-05-07 20:53:36.129369
2024,Dezembro,RS,1227,201,2025-05-07 20:53:36.129369
2024,Fevereiro,RS,1844,230,2025-05-07 20:53:36.129369
2024,Janeiro,RS,1622,223,2025-05-07 20:53:36.129369
2024,Julho,RS,1877,161,2025-05-07 20:53:36.129369
2024,Junho,RS,2186,202,2025-05-07 20:53:36.129369
2024,Maio,RS,2563,260,2025-05-07 20:53:36.129369
2024,Marco,RS,2437,16,2025-05-07 20:53:36.129369
2024,Novembro,RS,1474,70,2025-05-07 20:53:36.129369
2024,Outubro,RS,1415,238,2025-05-07 20:53:36.129369
2024,Setembro,RS,1498,190,2025-05-07 20:53:36.129369
2024,Abril,SP,62124,32023,2025-05-07 20:53:36.129369
2024,Agosto,SP,6989,33925,2025-05-07 20:53:36.129369
2024,Dezembro,SP,6196,27654,2025-05-07 20:53:36.129369
2024,Fevereiro,SP,31808,26179,2025-05-07 20:53:36.129369
2024,Janeiro,SP,13722,31283,2025-05-07 20:53:36.129369
2024,Julho,SP,6670,35384,2025-05-07 20:53:36.129369
2024,Junho,SP,18541,33851,2025-05-07 20:53:36.129369
2024,Maio,SP,49169,32833,2025-05-07 20:53:36.129369
2024,Marco,SP,45059,32085,2025-05-07 20:53:36.129369
2024,Novembro,SP,6486,29106,2025-05-07 20:53:36.129369
2024,Outubro,SP,6268,29206,2025-05-07 20:53:36.129369
2024,Setembro,SP,6434,27745,2025-05-07 20:53:36.129369
2024,Abril,BA,4573,773,2025-05-07 20:55:30.912703
2024,Agosto,BA,2248,540,2025-05-07 20:55:30.912703
2024,Dezembro,BA,2298,436,2025-05-07 20:55:30.912703
2024,Fevereiro,BA,2901,412,2025-05-07 20:55:30.912703
2024,Janeiro,BA,2513,548,2025-05-07 20:55:30.912703
2024,Julho,BA,3288,458,2025-05-07 20:55:30.912703
2024,Junho,BA,3021,644,2025-05-07 20:55:30.912703
2024,Maio,BA,4479,433,2025-05-07 20:55:30.912703
2024,Marco,BA,2719,549,2025-05-07 20:55:30.912703
2024,Novembro,BA,2264,439,2025-05-07 20:55:30.912703
2024,Outubro,BA,1849,278,2025-05-07 20:55:30.912703
2024,Setembro,BA,2363,303,2025-05-07 20:55:30.912703
2024,Abril,RJ,4546,866,2025-05-07 20:55:30.912703
2024,Agosto,RJ,2148,410,2025-05-07 20:55:30.912703
2024,Dezembro,RJ,2148,522,2025-05-07 20:55:30.912703
2024,Fevereiro,RJ,2607,459,2025-05-07 20:55:30.912703
2024,Janeiro,RJ,2430,326,2025-05-07 20:55:30.912703
2024,Julho,RJ,2832,456,2025-05-07 20:55:30.912703
2024,Junho,RJ,2654,592,2025-05-07 20:55:30.912703
2024,Maio,RJ,4350,532,2025-05-07 20:55:30.912703
2024,Marco,RJ,2882,579,2025-05-07 20:55:30.912703
2024,Novembro,RJ,2488,437,2025-05-07 20:55:30.912703
2024,Outubro,RJ,2191,411,2025-05-07 20:55:30.912703
2024,Setembro,RJ,2532,582,2025-05-07 20:55:30.912703
2024,Abril,RS,4063,797,2025-05-07 20:55:30.912703
2024,Agosto,RS,1904,549,2025-05-07 20:55:30.912703
2024,Dezembro,RS,1986,390,2025-05-07 20:55:30.912703
2024,Fevereiro,RS,2908,429,2025-05-07 20:55:30.912703
2024,Janeiro,RS,2577,552,2025-05-07 20:55:30.912703
2024,Julho,RS,2448,252,2025-05-07 20:55:30.912703
2024,Junho,RS,2126,542,2025-05-07 20:55:30.912703
2024,Maio,RS,4176,454,2025-05-07 20:55:30.912703
2024,Marco,RS,2937,688,2025-05-07 20:55:30.912703
2024,Novembro,RS,1771,437,2025-05-07 20:55:30.912703
2024,Outubro,RS,1943,376,2025-05-07 20:55:30.912703
2024,Setembro,RS,2369,503,2025-05-07 20:55:30.912703
2024,Abril,SP,58454,32872,2025-05-07 20:55:30.912703
2024,Agosto,SP,11752,31700,2025-05-07 20:55:30.912703
2024,Dezembro,SP,8627,27550,2025-05-07 20:55:30.912703
2024,Fevereiro,SP,33650,26510,2025-05-07 20:55:30.912703
2024,Janeiro,SP,17757,30141,2025-05-07 20:55:30.912703
2024,Julho,SP,11332,31443,2025-05-07 20:55:30.912703
2024,Junho,SP,22460,32261,2025-05-07 20:55:30.912703
2024,Maio,SP,50668,31525,2025-05-07 20:55:30.912703
2024,Marco,SP,31715,29472,2025-05-07 20:55:30.912703
2024,Novembro,SP,11870,26367,2025-05-07 20:55:30.912703
2024,Outubro,SP,11162,28306,2025-05-07 20:55:30.912703
2024,Setembro,SP,13602,26811,2025-05-07 20:55:30.912703
2024,Abril,BA,6319,690,2025-05-07 20:57:29.284812
2024,Agosto,BA,1862,389,2025-05-07 20:57:29.284812
2024,Dezembro,BA,1877,302,2025-05-07 20:57:29.284812
2024,Fevereiro,BA,1962,263,2025-05-07 20:57:29.284812
2024,Janeiro,BA,2595,575,2025-05-07 20:57:29.284812
2024,Julho,BA,2630,347,2025-05-07 20:57:29.284812
2024,Junho,BA,2564,446,2025-05-07 20:57:29.284812
2024,Maio,BA,2716,426,2025-05-07 20:57:29.284812
2024,Marco,BA,2236,247,2025-05-07 20:57:29.284812
2024,Novembro,BA,1865,377,2025-05-07 20:57:29.284812
2024,Outubro,BA,1788,294,2025-05-07 20:57:29.284812
2024,Setembro,BA,1885,409,2025-05-07 20:57:29.284812
2024,Abril,RJ,4648,739,2025-05-07 20:57:29.284812
2024,Agosto,RJ,1893,416,2025-05-07 20:57:29.284812
2024,Dezembro,RJ,1802,304,2025-05-07 20:57:29.284812
2024,Fevereiro,RJ,1868,168,2025-05-07 20:57:29.284812
2024,Janeiro,RJ,2126,519,2025-05-07 20:57:29.284812
2024,Julho,RJ,2297,403,2025-05-07 20:57:29.284812
2024,Junho,RJ,2236,398,2025-05-07 20:57:29.284812
2024,Maio,RJ,2466,408,2025-05-07 20:57:29.284812
2024,Marco,RJ,2048,219,2025-05-07 20:57:29.284812
2024,Novembro,RJ,1792,213,2025-05-07 20:57:29.284812
2024,Outubro,RJ,1487,285,2025-05-07 20:57:29.284812
2024,Setembro,RJ,1810,363,2025-05-07 20:57:29.284812
2024,Abril,RS,6382,585,2025-05-07 20:57:29.284812
2024,Agosto,RS,1828,179,2025-05-07 20:57:29.284812
2024,Dezembro,RS,1679,108,2025-05-07 20:57:29.284812
2024,Fevereiro,RS,1921,171,2025-05-07 20:57:29.284812
2024,Janeiro,RS,2292,336,2025-05-07 20:57:29.284812
2024,Julho,RS,2294,233,2025-05-07 20:57:29.284812
2024,Junho,RS,2334,270,2025-05-07 20:57:29.284812
2024,Maio,RS,2605,287,2025-05-07 20:57:29.284812
2024,Marco,RS,2195,70,2025-05-07 20:57:29.284812
2024,Novembro,RS,1666,161,2025-05-07 20:57:29.284812
2024,Outubro,RS,1483,218,2025-05-07 20:57:29.284812
2024,Setembro,RS,1785,229,2025-05-07 20:57:29.284812
2024,Abril,SP,52321,36135,2025-05-07 20:57:29.284812
2024,Agosto,SP,5120,33743,2025-05-07 20:57:29.284812
2024,Dezembro,SP,8235,30156,2025-05-07 20:57:29.284812
2024,Fevereiro,SP,26661,27263,2025-05-07 20:57:29.284812
2024,Janeiro,SP,14483,33429,2025-05-07 20:57:29.284812
2024,Julho,SP,6033,35286,2025-05-07 20:57:29.284812
2024,Junho,SP,18721,35675,2025-05-07 20:57:29.284812
2024,Maio,SP,41682,34026,2025-05-07 20:57:29.284812
2024,Marco,SP,38894,33424,2025-05-07 20:57:29.284812
2024,Novembro,SP,6692,29758,2025-05-07 20:57:29.284812
2024,Outubro,SP,10719,31965,2025-05-07 20:57:29.284812
2024,Setembro,SP,6994,29544,2025-05-07 20:57:29.284812
2024,Abril,BA,5319,620,2025-05-07 20:59:37.800649
2024,Agosto,BA,1974,442,2025-05-07 20:59:37.800649
2024,Dezembro,BA,1805,247,2025-05-07 20:59:37.800649
2024,Fevereiro,BA,2731,264,2025-05-07 20:59:37.800649
2024,Janeiro,BA,2476,310,2025-05-07 20:59:37.800649
2024,Julho,BA,2000,398,2025-05-07 20:59:37.800649
2024,Junho,BA,2215,353,2025-05-07 20:59:37.800649
2024,Maio,BA,4113,478,2025-05-07 20:59:37.800649
2024,Marco,BA,3853,572,2025-05-07 20:59:37.800649
2024,Novembro,BA,1966,325,2025-05-07 20:59:37.800649
2024,Outubro,BA,2005,199,2025-05-07 20:59:37.800649
2024,Setembro,BA,1759,312,2025-05-07 20:59:37.800649
2024,Abril,RJ,4811,425,2025-05-07 20:59:37.800649
2024,Agosto,RJ,1743,243,2025-05-07 20:59:37.800649
2024,Dezembro,RJ,1762,85,2025-05-07 20:59:37.800649
2024,Fevereiro,RJ,2616,74,2025-05-07 20:59:37.800649
2024,Janeiro,RJ,1833,91,2025-05-07 20:59:37.800649
2024,Julho,RJ,1888,353,2025-05-07 20:59:37.800649
2024,Junho,RJ,1975,293,2025-05-07 20:59:37.800649
2024,Maio,RJ,3978,286,2025-05-07 20:59:37.800649
2024,Marco,RJ,3731,586,2025-05-07 20:59:37.800649
2024,Novembro,RJ,1706,327,2025-05-07 20:59:37.800649
2024,Outubro,RJ,1902,160,2025-05-07 20:59:37.800649
2024,Setembro,RJ,1993,213,2025-05-07 20:59:37.800649
2024,Abril,RS,5174,631,2025-05-07 20:59:37.800649
2024,Agosto,RS,1878,250,2025-05-07 20:59:37.800649
2024,Dezembro,RS,2000,250,2025-05-07 20:59:37.800649
2024,Fevereiro,RS,2718,194,2025-05-07 20:59:37.800649
2024,Janeiro,RS,1890,205,2025-05-07 20:59:37.800649
2024,Julho,RS,2111,244,2025-05-07 20:59:37.800649
2024,Junho,RS,2035,221,2025-05-07 20:59:37.800649
2024,Maio,RS,3616,358,2025-05-07 20:59:37.800649
2024,Marco,RS,3606,646,2025-05-07 20:59:37.800649
2024,Novembro,RS,1913,193,2025-05-07 20:59:37.800649
2024,Outubro,RS,1940,174,2025-05-07 20:59:37.800649
2024,Setembro,RS,1686,233,2025-05-07 20:59:37.800649
2024,Abril,SP,56218,32809,2025-05-07 20:59:37.800649
2024,Agosto,SP,7908,30956,2025-05-07 20:59:37.800649
2024,Dezembro,SP,7938,27222,2025-05-07 20:59:37.800649
2024,Fevereiro,SP,31478,27528,2025-05-07 20:59:37.800649
2024,Janeiro,SP,13218,29403,2025-05-07 20:59:37.800649
2024,Julho,SP,6346,33065,2025-05-07 20:59:37.800649
2024,Junho,SP,13517,31391,2025-05-07 20:59:37.800649
2024,Maio,SP,46313,33504,2025-05-07 20:59:37.800649
2024,Marco,SP,43102,32365,2025-05-07 20:59:37.800649
2024,Novembro,SP,7005,27295,2025-05-07 20:59:37.800649
2024,Outubro,SP,8034,28723,2025-05-07 20:59:37.800649
2024,Setembro,SP,7039,27680,2025-05-07 20:59:37.800649
